year,month,filename,archive_path,size_bytes
1902,11,mvol-0004-1902-1106.pdf,1902/11/mvol-0004-1902-1106.pdf,19015917
1902,11,mvol-0004-1902-1111.pdf,1902/11/mvol-0004-1902-1111.pdf,18789298
1902,11,mvol-0004-1902-1125.pdf,1902/11/mvol-0004-1902-1125.pdf,18088689
1902,12,mvol-0004-1902-1203.pdf,1902/12/mvol-0004-1902-1203.pdf,17596642
1902,12,mvol-0004-1902-1215.pdf,1902/12/mvol-0004-1902-1215.pdf,17560374
1903,01,mvol-0004-1903-0120.pdf,1903/01/mvol-0004-1903-0120.pdf,17955305
1903,01,mvol-0004-1903-0130.pdf,1903/01/mvol-0004-1903-0130.pdf,16737583
1903,04,mvol-0004-1903-0410.pdf,1903/04/mvol-0004-1903-0410.pdf,16562602
1903,07,mvol-0004-1903-0702.pdf,1903/07/mvol-0004-1903-0702.pdf,16599553
1903,12,mvol-0004-1903-1208.pdf,1903/12/mvol-0004-1903-1208.pdf,15480976
1904,02,mvol-0004-1904-0211.pdf,1904/02/mvol-0004-1904-0211.pdf,15762501
1904,03,mvol-0004-1904-0304.pdf,1904/03/mvol-0004-1904-0304.pdf,16005104
1904,03,mvol-0004-1904-0321.pdf,1904/03/mvol-0004-1904-0321.pdf,16716049
1904,06,mvol-0004-1904-0602.pdf,1904/06/mvol-0004-1904-0602.pdf,16003692
1904,06,mvol-0004-1904-0609.pdf,1904/06/mvol-0004-1904-0609.pdf,16715565
1905,01,mvol-0004-1905-0130.pdf,1905/01/mvol-0004-1905-0130.pdf,15329471
1905,04,mvol-0004-1905-0420.pdf,1905/04/mvol-0004-1905-0420.pdf,15021112
1905,05,mvol-0004-1905-0503.pdf,1905/05/mvol-0004-1905-0503.pdf,15470988
1905,06,mvol-0004-1905-0601.pdf,1905/06/mvol-0004-1905-0601.pdf,15090264
1905,10,mvol-0004-1905-1020.pdf,1905/10/mvol-0004-1905-1020.pdf,15798379
1906,01,mvol-0004-1906-0117.pdf,1906/01/mvol-0004-1906-0117.pdf,14365448
1906,04,mvol-0004-1906-0421.pdf,1906/04/mvol-0004-1906-0421.pdf,14251709
1906,11,mvol-0004-1906-1101.pdf,1906/11/mvol-0004-1906-1101.pdf,19167003
1906,11,mvol-0004-1906-1113.pdf,1906/11/mvol-0004-1906-1113.pdf,19584237
1906,12,mvol-0004-1906-1208.pdf,1906/12/mvol-0004-1906-1208.pdf,19387914
1907,01,mvol-0004-1907-0118.pdf,1907/01/mvol-0004-1907-0118.pdf,18149425
1907,02,mvol-0004-1907-0226.pdf,1907/02/mvol-0004-1907-0226.pdf,20909686
1907,03,mvol-0004-1907-0315.pdf,1907/03/mvol-0004-1907-0315.pdf,18058070
1907,05,mvol-0004-1907-0502.pdf,1907/05/mvol-0004-1907-0502.pdf,18185138
1907,10,mvol-0004-1907-1031.pdf,1907/10/mvol-0004-1907-1031.pdf,19423717
1908,04,mvol-0004-1908-0401.pdf,1908/04/mvol-0004-1908-0401.pdf,19012592
1908,04,mvol-0004-1908-0403.pdf,1908/04/mvol-0004-1908-0403.pdf,18288225
1908,05,mvol-0004-1908-0508.pdf,1908/05/mvol-0004-1908-0508.pdf,18037941
1908,05,mvol-0004-1908-0526.pdf,1908/05/mvol-0004-1908-0526.pdf,18496692
1908,11,mvol-0004-1908-1105.pdf,1908/11/mvol-0004-1908-1105.pdf,21392399
1909,03,mvol-0004-1909-0305.pdf,1909/03/mvol-0004-1909-0305.pdf,18788270
1909,03,mvol-0004-1909-0317.pdf,1909/03/mvol-0004-1909-0317.pdf,30558668
1909,05,mvol-0004-1909-0504.pdf,1909/05/mvol-0004-1909-0504.pdf,20165919
1909,10,mvol-0004-1909-1012.pdf,1909/10/mvol-0004-1909-1012.pdf,20277190
1909,10,mvol-0004-1909-1021.pdf,1909/10/mvol-0004-1909-1021.pdf,18923871
1910,02,mvol-0004-1910-0202.pdf,1910/02/mvol-0004-1910-0202.pdf,19793171
1910,04,mvol-0004-1910-0402.pdf,1910/04/mvol-0004-1910-0402.pdf,20305061
1910,04,mvol-0004-1910-0427.pdf,1910/04/mvol-0004-1910-0427.pdf,20555942
1910,05,mvol-0004-1910-0520.pdf,1910/05/mvol-0004-1910-0520.pdf,19646515
1910,06,mvol-0004-1910-0611.pdf,1910/06/mvol-0004-1910-0611.pdf,55411625
1911,02,mvol-0004-1911-0203.pdf,1911/02/mvol-0004-1911-0203.pdf,18216424
1911,02,mvol-0004-1911-0211.pdf,1911/02/mvol-0004-1911-0211.pdf,17178908
1911,04,mvol-0004-1911-0427.pdf,1911/04/mvol-0004-1911-0427.pdf,19157805
1911,05,mvol-0004-1911-0506.pdf,1911/05/mvol-0004-1911-0506.pdf,19370155
1911,11,mvol-0004-1911-1129.pdf,1911/11/mvol-0004-1911-1129.pdf,20184309
1912,01,mvol-0004-1912-0106.pdf,1912/01/mvol-0004-1912-0106.pdf,19494036
1912,01,mvol-0004-1912-0118.pdf,1912/01/mvol-0004-1912-0118.pdf,19919644
1912,03,mvol-0004-1912-0308.pdf,1912/03/mvol-0004-1912-0308.pdf,20255623
1912,04,mvol-0004-1912-0406.pdf,1912/04/mvol-0004-1912-0406.pdf,20598507
1912,04,mvol-0004-1912-0423.pdf,1912/04/mvol-0004-1912-0423.pdf,19446657
1913,01,mvol-0004-1913-0111.pdf,1913/01/mvol-0004-1913-0111.pdf,18106194
1913,02,mvol-0004-1913-0208.pdf,1913/02/mvol-0004-1913-0208.pdf,16594785
1913,02,mvol-0004-1913-0226.pdf,1913/02/mvol-0004-1913-0226.pdf,18220536
1913,04,mvol-0004-1913-0408.pdf,1913/04/mvol-0004-1913-0408.pdf,19071241
1913,12,mvol-0004-1913-1205.pdf,1913/12/mvol-0004-1913-1205.pdf,18535077
1914,02,mvol-0004-1914-0218.pdf,1914/02/mvol-0004-1914-0218.pdf,17742106
1914,02,mvol-0004-1914-0220.pdf,1914/02/mvol-0004-1914-0220.pdf,18740045
1914,05,mvol-0004-1914-0513.pdf,1914/05/mvol-0004-1914-0513.pdf,18530796
1914,11,mvol-0004-1914-1114.pdf,1914/11/mvol-0004-1914-1114.pdf,18366689
1914,12,mvol-0004-1914-1211.pdf,1914/12/mvol-0004-1914-1211.pdf,21099239
1915,03,mvol-0004-1915-0303.pdf,1915/03/mvol-0004-1915-0303.pdf,20184836
1915,04,mvol-0004-1915-0408.pdf,1915/04/mvol-0004-1915-0408.pdf,20212657
1915,04,mvol-0004-1915-0415.pdf,1915/04/mvol-0004-1915-0415.pdf,20599024
1915,05,mvol-0004-1915-0518.pdf,1915/05/mvol-0004-1915-0518.pdf,19436141
1915,11,mvol-0004-1915-1113.pdf,1915/11/mvol-0004-1915-1113.pdf,18783660
1916,01,mvol-0004-1916-0112.pdf,1916/01/mvol-0004-1916-0112.pdf,21770823
1916,02,mvol-0004-1916-0210.pdf,1916/02/mvol-0004-1916-0210.pdf,20213494
1916,04,mvol-0004-1916-0413.pdf,1916/04/mvol-0004-1916-0413.pdf,19236042
1916,11,mvol-0004-1916-1116.pdf,1916/11/mvol-0004-1916-1116.pdf,21629382
1916,12,mvol-0004-1916-1216.pdf,1916/12/mvol-0004-1916-1216.pdf,45146906
1917,01,mvol-0004-1917-0125.pdf,1917/01/mvol-0004-1917-0125.pdf,21377238
1917,02,mvol-0004-1917-0224.pdf,1917/02/mvol-0004-1917-0224.pdf,20875330
1917,05,mvol-0004-1917-0515.pdf,1917/05/mvol-0004-1917-0515.pdf,20693220
1917,06,mvol-0004-1917-0608.pdf,1917/06/mvol-0004-1917-0608.pdf,20599147
1917,12,mvol-0004-1917-1204.pdf,1917/12/mvol-0004-1917-1204.pdf,20685849
1918,02,mvol-0004-1918-0209.pdf,1918/02/mvol-0004-1918-0209.pdf,20797435
1918,03,mvol-0004-1918-0301.pdf,1918/03/mvol-0004-1918-0301.pdf,18394983
1918,04,mvol-0004-1918-0423.pdf,1918/04/mvol-0004-1918-0423.pdf,20131258
1918,10,mvol-0004-1918-1011.pdf,1918/10/mvol-0004-1918-1011.pdf,20005512
1918,12,mvol-0004-1918-1217.pdf,1918/12/mvol-0004-1918-1217.pdf,51586814
1919,01,mvol-0004-1919-0116.pdf,1919/01/mvol-0004-1919-0116.pdf,18963242
1919,06,mvol-0004-1919-0605.pdf,1919/06/mvol-0004-1919-0605.pdf,19448982
1919,11,mvol-0004-1919-1111.pdf,1919/11/mvol-0004-1919-1111.pdf,22041791
1919,12,mvol-0004-1919-1202.pdf,1919/12/mvol-0004-1919-1202.pdf,21936346
1919,12,mvol-0004-1919-1212.pdf,1919/12/mvol-0004-1919-1212.pdf,19221855
1920,01,mvol-0004-1920-0109.pdf,1920/01/mvol-0004-1920-0109.pdf,25626894
1920,01,mvol-0004-1920-0121.pdf,1920/01/mvol-0004-1920-0121.pdf,20856180
1920,03,mvol-0004-1920-0331.pdf,1920/03/mvol-0004-1920-0331.pdf,29995887
1920,05,mvol-0004-1920-0512.pdf,1920/05/mvol-0004-1920-0512.pdf,21000895
1920,05,mvol-0004-1920-0518.pdf,1920/05/mvol-0004-1920-0518.pdf,20923542
1921,01,mvol-0004-1921-0110.pdf,1921/01/mvol-0004-1921-0110.pdf,18800157
1921,02,mvol-0004-1921-0201.pdf,1921/02/mvol-0004-1921-0201.pdf,17970750
1921,02,mvol-0004-1921-0209.pdf,1921/02/mvol-0004-1921-0209.pdf,18384376
1921,04,mvol-0004-1921-0406.pdf,1921/04/mvol-0004-1921-0406.pdf,19633134
1921,04,mvol-0004-1921-0407.pdf,1921/04/mvol-0004-1921-0407.pdf,18844511
1922,01,mvol-0004-1922-0119.pdf,1922/01/mvol-0004-1922-0119.pdf,19477915
1922,02,mvol-0004-1922-0223.pdf,1922/02/mvol-0004-1922-0223.pdf,18533949
1922,04,mvol-0004-1922-0404.pdf,1922/04/mvol-0004-1922-0404.pdf,18037282
1922,04,mvol-0004-1922-0406.pdf,1922/04/mvol-0004-1922-0406.pdf,15945700
1922,04,mvol-0004-1922-0427.pdf,1922/04/mvol-0004-1922-0427.pdf,18014112
1923,02,mvol-0004-1923-0207.pdf,1923/02/mvol-0004-1923-0207.pdf,28606154
1923,02,mvol-0004-1923-0221.pdf,1923/02/mvol-0004-1923-0221.pdf,26352955
1923,03,mvol-0004-1923-0308.pdf,1923/03/mvol-0004-1923-0308.pdf,23395330
1923,04,mvol-0004-1923-0404.pdf,1923/04/mvol-0004-1923-0404.pdf,23935418
1923,05,mvol-0004-1923-0510.pdf,1923/05/mvol-0004-1923-0510.pdf,20580152
1924,01,mvol-0004-1924-0131.pdf,1924/01/mvol-0004-1924-0131.pdf,21229478
1924,02,mvol-0004-1924-0221.pdf,1924/02/mvol-0004-1924-0221.pdf,36198284
1924,03,mvol-0004-1924-0305.pdf,1924/03/mvol-0004-1924-0305.pdf,24281442
1924,10,mvol-0004-1924-1008.pdf,1924/10/mvol-0004-1924-1008.pdf,27013729
1924,11,mvol-0004-1924-1107.pdf,1924/11/mvol-0004-1924-1107.pdf,27963911
1925,02,mvol-0004-1925-0203.pdf,1925/02/mvol-0004-1925-0203.pdf,35312117
1925,04,mvol-0004-1925-0424.pdf,1925/04/mvol-0004-1925-0424.pdf,44552518
1925,05,mvol-0004-1925-0519.pdf,1925/05/mvol-0004-1925-0519.pdf,43983200
1925,06,mvol-0004-1925-0612.pdf,1925/06/mvol-0004-1925-0612.pdf,32639768
1925,11,mvol-0004-1925-1113.pdf,1925/11/mvol-0004-1925-1113.pdf,30206834
1926,05,mvol-0004-1926-0526.pdf,1926/05/mvol-0004-1926-0526.pdf,33973277
1926,06,mvol-0004-1926-0609.pdf,1926/06/mvol-0004-1926-0609.pdf,29379734
1926,10,mvol-0004-1926-1021.pdf,1926/10/mvol-0004-1926-1021.pdf,40484289
1926,11,mvol-0004-1926-1119.pdf,1926/11/mvol-0004-1926-1119.pdf,65084568
1926,12,mvol-0004-1926-1215.pdf,1926/12/mvol-0004-1926-1215.pdf,32334236
1927,06,mvol-0004-1927-0602.pdf,1927/06/mvol-0004-1927-0602.pdf,31870629
1927,09,mvol-0004-1927-0929.pdf,1927/09/mvol-0004-1927-0929.pdf,68736544
1927,10,mvol-0004-1927-1008.pdf,1927/10/mvol-0004-1927-1008.pdf,29116480
1927,10,mvol-0004-1927-1025.pdf,1927/10/mvol-0004-1927-1025.pdf,29764002
1927,11,mvol-0004-1927-1111.pdf,1927/11/mvol-0004-1927-1111.pdf,43364370
1928,01,mvol-0004-1928-0120.pdf,1928/01/mvol-0004-1928-0120.pdf,41794374
1928,02,mvol-0004-1928-0216.pdf,1928/02/mvol-0004-1928-0216.pdf,34796112
1928,05,mvol-0004-1928-0525.pdf,1928/05/mvol-0004-1928-0525.pdf,24450901
1928,10,mvol-0004-1928-1018.pdf,1928/10/mvol-0004-1928-1018.pdf,57840519
1928,12,mvol-0004-1928-1212.pdf,1928/12/mvol-0004-1928-1212.pdf,38440576
1929,02,mvol-0004-1929-0215.pdf,1929/02/mvol-0004-1929-0215.pdf,51298402
1929,02,mvol-0004-1929-0228.pdf,1929/02/mvol-0004-1929-0228.pdf,29918889
1929,05,mvol-0004-1929-0501.pdf,1929/05/mvol-0004-1929-0501.pdf,36034243
1929,05,mvol-0004-1929-0524.pdf,1929/05/mvol-0004-1929-0524.pdf,31623427
1929,07,mvol-0004-1929-0709.pdf,1929/07/mvol-0004-1929-0709.pdf,24668770
1930,02,mvol-0004-1930-0218.pdf,1930/02/mvol-0004-1930-0218.pdf,28254849
1930,04,mvol-0004-1930-0404.pdf,1930/04/mvol-0004-1930-0404.pdf,25509406
1930,04,mvol-0004-1930-0417.pdf,1930/04/mvol-0004-1930-0417.pdf,24734080
1930,11,mvol-0004-1930-1112.pdf,1930/11/mvol-0004-1930-1112.pdf,28164253
1930,12,mvol-0004-1930-1212.pdf,1930/12/mvol-0004-1930-1212.pdf,45402566
1931,01,mvol-0004-1931-0113.pdf,1931/01/mvol-0004-1931-0113.pdf,28631377
1931,01,mvol-0004-1931-0128.pdf,1931/01/mvol-0004-1931-0128.pdf,33737169
1931,01,mvol-0004-1931-0129.pdf,1931/01/mvol-0004-1931-0129.pdf,34722680
1931,04,mvol-0004-1931-0410.pdf,1931/04/mvol-0004-1931-0410.pdf,34024040
1931,04,mvol-0004-1931-0429.pdf,1931/04/mvol-0004-1931-0429.pdf,32426853
1932,03,mvol-0004-1932-0304.pdf,1932/03/mvol-0004-1932-0304.pdf,24909463
1932,05,mvol-0004-1932-0517.pdf,1932/05/mvol-0004-1932-0517.pdf,30581234
1932,06,mvol-0004-1932-0602.pdf,1932/06/mvol-0004-1932-0602.pdf,30008257
1932,12,mvol-0004-1932-1201.pdf,1932/12/mvol-0004-1932-1201.pdf,24266923
1932,12,mvol-0004-1932-1209.pdf,1932/12/mvol-0004-1932-1209.pdf,31078583
1933,01,mvol-0004-1933-0104.pdf,1933/01/mvol-0004-1933-0104.pdf,22966655
1933,01,mvol-0004-1933-0119.pdf,1933/01/mvol-0004-1933-0119.pdf,27884503
1933,02,mvol-0004-1933-0221.pdf,1933/02/mvol-0004-1933-0221.pdf,31917482
1933,04,mvol-0004-1933-0404.pdf,1933/04/mvol-0004-1933-0404.pdf,37222060
1933,11,mvol-0004-1933-1101.pdf,1933/11/mvol-0004-1933-1101.pdf,27179264
1934,05,mvol-0004-1934-0501.pdf,1934/05/mvol-0004-1934-0501.pdf,29697185
1934,05,mvol-0004-1934-0503.pdf,1934/05/mvol-0004-1934-0503.pdf,30053859
1934,05,mvol-0004-1934-0515.pdf,1934/05/mvol-0004-1934-0515.pdf,33395169
1934,05,mvol-0004-1934-0516.pdf,1934/05/mvol-0004-1934-0516.pdf,80550526
1934,12,mvol-0004-1934-1213.pdf,1934/12/mvol-0004-1934-1213.pdf,32447799
1935,04,mvol-0004-1935-0404.pdf,1935/04/mvol-0004-1935-0404.pdf,33911767
1935,05,mvol-0004-1935-0510.pdf,1935/05/mvol-0004-1935-0510.pdf,40949764
1935,10,mvol-0004-1935-1024.pdf,1935/10/mvol-0004-1935-1024.pdf,26052793
1935,11,mvol-0004-1935-1112.pdf,1935/11/mvol-0004-1935-1112.pdf,26873319
1935,12,mvol-0004-1935-1203.pdf,1935/12/mvol-0004-1935-1203.pdf,30372101
1936,01,mvol-0004-1936-0114.pdf,1936/01/mvol-0004-1936-0114.pdf,29578180
1936,03,mvol-0004-1936-0310.pdf,1936/03/mvol-0004-1936-0310.pdf,32507837
1936,04,mvol-0004-1936-0401.pdf,1936/04/mvol-0004-1936-0401.pdf,31874156
1936,04,mvol-0004-1936-0409.pdf,1936/04/mvol-0004-1936-0409.pdf,63221800
1936,05,mvol-0004-1936-0506.pdf,1936/05/mvol-0004-1936-0506.pdf,30168032
1937,01,mvol-0004-1937-0112.pdf,1937/01/mvol-0004-1937-0112.pdf,30755336
1937,03,mvol-0004-1937-0302.pdf,1937/03/mvol-0004-1937-0302.pdf,32381082
1937,04,mvol-0004-1937-0430.pdf,1937/04/mvol-0004-1937-0430.pdf,51927348
1937,12,mvol-0004-1937-1209.pdf,1937/12/mvol-0004-1937-1209.pdf,24558060
1937,12,mvol-0004-1937-1216.pdf,1937/12/mvol-0004-1937-1216.pdf,27600091
1938,01,mvol-0004-1938-0107.pdf,1938/01/mvol-0004-1938-0107.pdf,35820971
1938,02,mvol-0004-1938-0224.pdf,1938/02/mvol-0004-1938-0224.pdf,25298420
1938,02,mvol-0004-1938-0225.pdf,1938/02/mvol-0004-1938-0225.pdf,25355471
1938,04,mvol-0004-1938-0415.pdf,1938/04/mvol-0004-1938-0415.pdf,28497725
1938,10,mvol-0004-1938-1025.pdf,1938/10/mvol-0004-1938-1025.pdf,26787950
1939,01,mvol-0004-1939-0117.pdf,1939/01/mvol-0004-1939-0117.pdf,32691815
1939,01,mvol-0004-1939-0126.pdf,1939/01/mvol-0004-1939-0126.pdf,56556668
1939,02,mvol-0004-1939-0201.pdf,1939/02/mvol-0004-1939-0201.pdf,29684484
1939,04,mvol-0004-1939-0419.pdf,1939/04/mvol-0004-1939-0419.pdf,34987077
1939,11,mvol-0004-1939-1122.pdf,1939/11/mvol-0004-1939-1122.pdf,35678423
1940,01,mvol-0004-1940-0104.pdf,1940/01/mvol-0004-1940-0104.pdf,21870330
1940,01,mvol-0004-1940-0105.pdf,1940/01/mvol-0004-1940-0105.pdf,33224048
1940,06,mvol-0004-1940-0606.pdf,1940/06/mvol-0004-1940-0606.pdf,13496670
1940,10,mvol-0004-1940-1001.pdf,1940/10/mvol-0004-1940-1001.pdf,24398885
1940,11,mvol-0004-1940-1128.pdf,1940/11/mvol-0004-1940-1128.pdf,24626571
1941,02,mvol-0004-1941-0206.pdf,1941/02/mvol-0004-1941-0206.pdf,30389916
1941,02,mvol-0004-1941-0214.pdf,1941/02/mvol-0004-1941-0214.pdf,64318823
1941,10,mvol-0004-1941-1007.pdf,1941/10/mvol-0004-1941-1007.pdf,26376442
1941,11,mvol-0004-1941-1105.pdf,1941/11/mvol-0004-1941-1105.pdf,26910760
1941,12,mvol-0004-1941-1202.pdf,1941/12/mvol-0004-1941-1202.pdf,25730216
1942,02,mvol-0004-1942-0203.pdf,1942/02/mvol-0004-1942-0203.pdf,33461999
1942,02,mvol-0004-1942-0217.pdf,1942/02/mvol-0004-1942-0217.pdf,42057659
1942,02,mvol-0004-1942-0220.pdf,1942/02/mvol-0004-1942-0220.pdf,60492057
1942,04,mvol-0004-1942-0417.pdf,1942/04/mvol-0004-1942-0417.pdf,35793199
1942,04,mvol-0004-1942-0424.pdf,1942/04/mvol-0004-1942-0424.pdf,60591715
1943,04,mvol-0004-1943-0430.pdf,1943/04/mvol-0004-1943-0430.pdf,45053990
1943,05,mvol-0004-1943-0507.pdf,1943/05/mvol-0004-1943-0507.pdf,34133908
1943,11,mvol-0004-1943-1112.pdf,1943/11/mvol-0004-1943-1112.pdf,46106603
1943,11,mvol-0004-1943-1119.pdf,1943/11/mvol-0004-1943-1119.pdf,35648457
1943,12,mvol-0004-1943-1203.pdf,1943/12/mvol-0004-1943-1203.pdf,68282357
1944,06,mvol-0004-1944-0602.pdf,1944/06/mvol-0004-1944-0602.pdf,62619529
1944,07,mvol-0004-1944-0714.pdf,1944/07/mvol-0004-1944-0714.pdf,39971879
1944,08,mvol-0004-1944-0818.pdf,1944/08/mvol-0004-1944-0818.pdf,38377720
1944,11,mvol-0004-1944-1117.pdf,1944/11/mvol-0004-1944-1117.pdf,82687321
1944,12,mvol-0004-1944-1208.pdf,1944/12/mvol-0004-1944-1208.pdf,92267309
1945,04,mvol-0004-1945-0406.pdf,1945/04/mvol-0004-1945-0406.pdf,95275212
1945,04,mvol-0004-1945-0420.pdf,1945/04/mvol-0004-1945-0420.pdf,68021048
1945,05,mvol-0004-1945-0511.pdf,1945/05/mvol-0004-1945-0511.pdf,78351793
1945,11,mvol-0004-1945-1123.pdf,1945/11/mvol-0004-1945-1123.pdf,86443184
1945,12,mvol-0004-1945-1207.pdf,1945/12/mvol-0004-1945-1207.pdf,81738235
1946,03,mvol-0004-1946-0301.pdf,1946/03/mvol-0004-1946-0301.pdf,81736139
1946,03,mvol-0004-1946-0315.pdf,1946/03/mvol-0004-1946-0315.pdf,83480607
1946,04,mvol-0004-1946-0412.pdf,1946/04/mvol-0004-1946-0412.pdf,74915333
1946,06,mvol-0004-1946-0601.pdf,1946/06/mvol-0004-1946-0601.pdf,32989617
1946,07,mvol-0004-1946-0719.pdf,1946/07/mvol-0004-1946-0719.pdf,74946617
1947,02,mvol-0004-1947-0214.pdf,1947/02/mvol-0004-1947-0214.pdf,128198831
1947,04,mvol-0004-1947-0404.pdf,1947/04/mvol-0004-1947-0404.pdf,112021779
1947,07,mvol-0004-1947-0725.pdf,1947/07/mvol-0004-1947-0725.pdf,67596349
1947,11,mvol-0004-1947-1104.pdf,1947/11/mvol-0004-1947-1104.pdf,77217075
1947,12,mvol-0004-1947-1205.pdf,1947/12/mvol-0004-1947-1205.pdf,62702985
1948,02,mvol-0004-1948-0220.pdf,1948/02/mvol-0004-1948-0220.pdf,107269979
1948,04,mvol-0004-1948-0423.pdf,1948/04/mvol-0004-1948-0423.pdf,141316009
1948,04,mvol-0004-1948-0430.pdf,1948/04/mvol-0004-1948-0430.pdf,125123980
1948,07,mvol-0004-1948-0730.pdf,1948/07/mvol-0004-1948-0730.pdf,32395151
1948,11,mvol-0004-1948-1116.pdf,1948/11/mvol-0004-1948-1116.pdf,84474080
1949,02,mvol-0004-1949-0208.pdf,1949/02/mvol-0004-1949-0208.pdf,40930893
1949,02,mvol-0004-1949-0211.pdf,1949/02/mvol-0004-1949-0211.pdf,86704778
1949,02,mvol-0004-1949-0215.pdf,1949/02/mvol-0004-1949-0215.pdf,85574530
1949,11,mvol-0004-1949-1111.pdf,1949/11/mvol-0004-1949-1111.pdf,79065866
1949,12,mvol-0004-1949-1202.pdf,1949/12/mvol-0004-1949-1202.pdf,129371443
1950,01,mvol-0004-1950-0120.pdf,1950/01/mvol-0004-1950-0120.pdf,91351104
1950,02,mvol-0004-1950-0224.pdf,1950/02/mvol-0004-1950-0224.pdf,60953282
1950,04,mvol-0004-1950-0428.pdf,1950/04/mvol-0004-1950-0428.pdf,104312597
1950,09,mvol-0004-1950-0926.pdf,1950/09/mvol-0004-1950-0926.pdf,101749904
1950,12,mvol-0004-1950-1215.pdf,1950/12/mvol-0004-1950-1215.pdf,56774249
1951,02,mvol-0004-1951-0202.pdf,1951/02/mvol-0004-1951-0202.pdf,40830433
1951,05,mvol-0004-1951-0504.pdf,1951/05/mvol-0004-1951-0504.pdf,49611185
1951,05,mvol-0004-1951-0518.pdf,1951/05/mvol-0004-1951-0518.pdf,49687366
1951,10,mvol-0004-1951-1005.pdf,1951/10/mvol-0004-1951-1005.pdf,75894128
1951,12,mvol-0004-1951-1207.pdf,1951/12/mvol-0004-1951-1207.pdf,92594406
1952,05,mvol-0004-1952-0502.pdf,1952/05/mvol-0004-1952-0502.pdf,51577758
1952,07,mvol-0004-1952-0718.pdf,1952/07/mvol-0004-1952-0718.pdf,29144438
1952,08,mvol-0004-1952-0808.pdf,1952/08/mvol-0004-1952-0808.pdf,53467743
1952,10,mvol-0004-1952-1003.pdf,1952/10/mvol-0004-1952-1003.pdf,45451485
1952,12,mvol-0004-1952-1205.pdf,1952/12/mvol-0004-1952-1205.pdf,57810874
1953,02,mvol-0004-1953-0227.pdf,1953/02/mvol-0004-1953-0227.pdf,50555681
1953,09,mvol-0004-1953-0918.pdf,1953/09/mvol-0004-1953-0918.pdf,88394262
1953,10,mvol-0004-1953-1023.pdf,1953/10/mvol-0004-1953-1023.pdf,58357766
1953,11,mvol-0004-1953-1106.pdf,1953/11/mvol-0004-1953-1106.pdf,53515947
1953,11,mvol-0004-1953-1120.pdf,1953/11/mvol-0004-1953-1120.pdf,79380805
1954,01,mvol-0004-1954-0115.pdf,1954/01/mvol-0004-1954-0115.pdf,55414562
1954,01,mvol-0004-1954-0129.pdf,1954/01/mvol-0004-1954-0129.pdf,54980840
1954,04,mvol-0004-1954-0430.pdf,1954/04/mvol-0004-1954-0430.pdf,73722182
1954,10,mvol-0004-1954-1008.pdf,1954/10/mvol-0004-1954-1008.pdf,73960389
1954,11,mvol-0004-1954-1105.pdf,1954/11/mvol-0004-1954-1105.pdf,67298356
1955,01,mvol-0004-1955-0107.pdf,1955/01/mvol-0004-1955-0107.pdf,42683259
1955,04,mvol-0004-1955-0401.pdf,1955/04/mvol-0004-1955-0401.pdf,97583625
1955,06,mvol-0004-1955-0603.pdf,1955/06/mvol-0004-1955-0603.pdf,117422807
1955,07,mvol-0004-1955-0729.pdf,1955/07/mvol-0004-1955-0729.pdf,22752507
1955,10,mvol-0004-1955-1014.pdf,1955/10/mvol-0004-1955-1014.pdf,70567599
1956,04,mvol-0004-1956-0403.pdf,1956/04/mvol-0004-1956-0403.pdf,40153920
1956,06,mvol-0004-1956-0601.pdf,1956/06/mvol-0004-1956-0601.pdf,116899343
1956,11,mvol-0004-1956-1109.pdf,1956/11/mvol-0004-1956-1109.pdf,96946068
1956,11,mvol-0004-1956-1116.pdf,1956/11/mvol-0004-1956-1116.pdf,79684940
1956,12,mvol-0004-1956-1207.pdf,1956/12/mvol-0004-1956-1207.pdf,149340138
1957,04,mvol-0004-1957-0419.pdf,1957/04/mvol-0004-1957-0419.pdf,115364327
1957,10,mvol-0004-1957-1018.pdf,1957/10/mvol-0004-1957-1018.pdf,87436730
1957,10,mvol-0004-1957-1025.pdf,1957/10/mvol-0004-1957-1025.pdf,78747775
1957,10,mvol-0004-1957-1029.pdf,1957/10/mvol-0004-1957-1029.pdf,21957546
1957,12,mvol-0004-1957-1206.pdf,1957/12/mvol-0004-1957-1206.pdf,49173899
1958,01,mvol-0004-1958-0110.pdf,1958/01/mvol-0004-1958-0110.pdf,77325590
1958,01,mvol-0004-1958-0117.pdf,1958/01/mvol-0004-1958-0117.pdf,79287298
1958,10,mvol-0004-1958-1024.pdf,1958/10/mvol-0004-1958-1024.pdf,101856584
1958,11,mvol-0004-1958-1121.pdf,1958/11/mvol-0004-1958-1121.pdf,99777118
1958,11,mvol-0004-1958-1129.pdf,1958/11/mvol-0004-1958-1129.pdf,96700578
1959,02,mvol-0004-1959-0206.pdf,1959/02/mvol-0004-1959-0206.pdf,101998121
1959,04,mvol-0004-1959-0403.pdf,1959/04/mvol-0004-1959-0403.pdf,140265184
1959,05,mvol-0004-1959-0508.pdf,1959/05/mvol-0004-1959-0508.pdf,99071810
1959,06,mvol-0004-1959-0626.pdf,1959/06/mvol-0004-1959-0626.pdf,52226784
1959,10,mvol-0004-1959-1016.pdf,1959/10/mvol-0004-1959-1016.pdf,126058300
1960,01,mvol-0004-1960-0122.pdf,1960/01/mvol-0004-1960-0122.pdf,78379102
1960,02,mvol-0004-1960-0212.pdf,1960/02/mvol-0004-1960-0212.pdf,142545732
1960,03,mvol-0004-1960-0330.pdf,1960/03/mvol-0004-1960-0330.pdf,44671017
1960,05,mvol-0004-1960-0513.pdf,1960/05/mvol-0004-1960-0513.pdf,121913118
1960,10,mvol-0004-1960-1007.pdf,1960/10/mvol-0004-1960-1007.pdf,118731967
1961,02,mvol-0004-1961-0217.pdf,1961/02/mvol-0004-1961-0217.pdf,117131071
1961,02,mvol-0004-1961-0224.pdf,1961/02/mvol-0004-1961-0224.pdf,121946314
1961,05,mvol-0004-1961-0519.pdf,1961/05/mvol-0004-1961-0519.pdf,179353790
1961,11,mvol-0004-1961-1117.pdf,1961/11/mvol-0004-1961-1117.pdf,42930703
1961,11,mvol-0004-1961-1130.pdf,1961/11/mvol-0004-1961-1130.pdf,30592298
1962,01,mvol-0004-1962-0116.pdf,1962/01/mvol-0004-1962-0116.pdf,23298688
1962,01,mvol-0004-1962-0118.pdf,1962/01/mvol-0004-1962-0118.pdf,31054788
1962,03,mvol-0004-1962-0327.pdf,1962/03/mvol-0004-1962-0327.pdf,56722932
1962,10,mvol-0004-1962-1030.pdf,1962/10/mvol-0004-1962-1030.pdf,30228777
1962,11,mvol-0004-1962-1120.pdf,1962/11/mvol-0004-1962-1120.pdf,47145423
1963,01,mvol-0004-1963-0131.pdf,1963/01/mvol-0004-1963-0131.pdf,24036361
1963,04,mvol-0004-1963-0412.pdf,1963/04/mvol-0004-1963-0412.pdf,55967305
1963,10,mvol-0004-1963-1029.pdf,1963/10/mvol-0004-1963-1029.pdf,43855451
1963,11,mvol-0004-1963-1108.pdf,1963/11/mvol-0004-1963-1108.pdf,97044681
1963,11,mvol-0004-1963-1122.pdf,1963/11/mvol-0004-1963-1122.pdf,100005334
1964,02,mvol-0004-1964-0221.pdf,1964/02/mvol-0004-1964-0221.pdf,65078911
1964,02,mvol-0004-1964-0228.pdf,1964/02/mvol-0004-1964-0228.pdf,67562442
1964,04,mvol-0004-1964-0403.pdf,1964/04/mvol-0004-1964-0403.pdf,44091151
1964,05,mvol-0004-1964-0515.pdf,1964/05/mvol-0004-1964-0515.pdf,74100032
1964,10,mvol-0004-1964-1002.pdf,1964/10/mvol-0004-1964-1002.pdf,133485390
1965,02,mvol-0004-1965-0209.pdf,1965/02/mvol-0004-1965-0209.pdf,23482081
1965,04,mvol-0004-1965-0413.pdf,1965/04/mvol-0004-1965-0413.pdf,27511969
1965,10,mvol-0004-1965-1022.pdf,1965/10/mvol-0004-1965-1022.pdf,47981964
1965,10,mvol-0004-1965-1026.pdf,1965/10/mvol-0004-1965-1026.pdf,27036222
1965,11,mvol-0004-1965-1119.pdf,1965/11/mvol-0004-1965-1119.pdf,82330571
1966,01,mvol-0004-1966-0114.pdf,1966/01/mvol-0004-1966-0114.pdf,47732102
1966,03,mvol-0004-1966-0304.pdf,1966/03/mvol-0004-1966-0304.pdf,247604744
1966,11,mvol-0004-1966-1101.pdf,1966/11/mvol-0004-1966-1101.pdf,36147905
1966,11,mvol-0004-1966-1111.pdf,1966/11/mvol-0004-1966-1111.pdf,74284106
1966,11,mvol-0004-1966-1129.pdf,1966/11/mvol-0004-1966-1129.pdf,34619582
1967,02,mvol-0004-1967-0203.pdf,1967/02/mvol-0004-1967-0203.pdf,58118684
1967,03,mvol-0004-1967-0303.pdf,1967/03/mvol-0004-1967-0303.pdf,136976809
1967,03,mvol-0004-1967-0328.pdf,1967/03/mvol-0004-1967-0328.pdf,47371682
1967,05,mvol-0004-1967-0509.pdf,1967/05/mvol-0004-1967-0509.pdf,41014675
1967,11,mvol-0004-1967-1128.pdf,1967/11/mvol-0004-1967-1128.pdf,66225624
1968,02,mvol-0004-1968-0213.pdf,1968/02/mvol-0004-1968-0213.pdf,38987946
1968,02,mvol-0004-1968-0223.pdf,1968/02/mvol-0004-1968-0223.pdf,51524871
1968,05,mvol-0004-1968-0517.pdf,1968/05/mvol-0004-1968-0517.pdf,101082035
1968,09,mvol-0004-1968-0927.pdf,1968/09/mvol-0004-1968-0927.pdf,159587631
1968,10,mvol-0004-1968-1011.pdf,1968/10/mvol-0004-1968-1011.pdf,99506186
1969,01,mvol-0004-1969-0107.pdf,1969/01/mvol-0004-1969-0107.pdf,47694427
1969,02,mvol-0004-1969-0204.pdf,1969/02/mvol-0004-1969-0204.pdf,94681507
1969,04,mvol-0004-1969-0425.pdf,1969/04/mvol-0004-1969-0425.pdf,125475253
1969,10,mvol-0004-1969-1003.pdf,1969/10/mvol-0004-1969-1003.pdf,107600388
1969,10,mvol-0004-1969-1028.pdf,1969/10/mvol-0004-1969-1028.pdf,46055762
1970,04,mvol-0004-1970-0424.pdf,1970/04/mvol-0004-1970-0424.pdf,118049522
1970,05,mvol-0004-1970-0519.pdf,1970/05/mvol-0004-1970-0519.pdf,42900856
1970,10,mvol-0004-1970-1016.pdf,1970/10/mvol-0004-1970-1016.pdf,93843973
1970,10,mvol-0004-1970-1020.pdf,1970/10/mvol-0004-1970-1020.pdf,64370094
1970,12,mvol-0004-1970-1211.pdf,1970/12/mvol-0004-1970-1211.pdf,139492893
1971,04,mvol-0004-1971-0416.pdf,1971/04/mvol-0004-1971-0416.pdf,40299563
1971,05,mvol-0004-1971-0507.pdf,1971/05/mvol-0004-1971-0507.pdf,116327890
1971,05,mvol-0004-1971-0521.pdf,1971/05/mvol-0004-1971-0521.pdf,120695353
1971,07,mvol-0004-1971-0707.pdf,1971/07/mvol-0004-1971-0707.pdf,38536570
1971,08,mvol-0004-1971-0804.pdf,1971/08/mvol-0004-1971-0804.pdf,48243380
1972,01,mvol-0004-1972-0104.pdf,1972/01/mvol-0004-1972-0104.pdf,15614685
1973,01,mvol-0004-1973-0105.pdf,1973/01/mvol-0004-1973-0105.pdf,69465947
1973,02,mvol-0004-1973-0202.pdf,1973/02/mvol-0004-1973-0202.pdf,76850912
1973,02,mvol-0004-1973-0213.pdf,1973/02/mvol-0004-1973-0213.pdf,40205726
1973,04,mvol-0004-1973-0413.pdf,1973/04/mvol-0004-1973-0413.pdf,120929436
1973,05,mvol-0004-1973-0515.pdf,1973/05/mvol-0004-1973-0515.pdf,61228358
1974,08,mvol-0004-1974-0809.pdf,1974/08/mvol-0004-1974-0809.pdf,37881861
1974,09,mvol-0004-1974-0927.pdf,1974/09/mvol-0004-1974-0927.pdf,248809868
1974,10,mvol-0004-1974-1001.pdf,1974/10/mvol-0004-1974-1001.pdf,50295201
1974,10,mvol-0004-1974-1011.pdf,1974/10/mvol-0004-1974-1011.pdf,72236796
1974,11,mvol-0004-1974-1105.pdf,1974/11/mvol-0004-1974-1105.pdf,33845662
1975,02,mvol-0004-1975-0225.pdf,1975/02/mvol-0004-1975-0225.pdf,35180328
1975,10,mvol-0004-1975-1014.pdf,1975/10/mvol-0004-1975-1014.pdf,29541979
1975,10,mvol-0004-1975-1017.pdf,1975/10/mvol-0004-1975-1017.pdf,75910320
1975,10,mvol-0004-1975-1028.pdf,1975/10/mvol-0004-1975-1028.pdf,54017017
1975,11,mvol-0004-1975-1104.pdf,1975/11/mvol-0004-1975-1104.pdf,35168139
1976,02,mvol-0004-1976-0220.pdf,1976/02/mvol-0004-1976-0220.pdf,72386225
1976,02,mvol-0004-1976-0227.pdf,1976/02/mvol-0004-1976-0227.pdf,71011888
1976,05,mvol-0004-1976-0518.pdf,1976/05/mvol-0004-1976-0518.pdf,35617538
1976,07,mvol-0004-1976-0730.pdf,1976/07/mvol-0004-1976-0730.pdf,40827667
1976,11,mvol-0004-1976-1123.pdf,1976/11/mvol-0004-1976-1123.pdf,47502287
1977,04,mvol-0004-1977-0401.pdf,1977/04/mvol-0004-1977-0401.pdf,138973752
1977,04,mvol-0004-1977-0408.pdf,1977/04/mvol-0004-1977-0408.pdf,90548768
1977,05,mvol-0004-1977-0506.pdf,1977/05/mvol-0004-1977-0506.pdf,96304904
1977,07,mvol-0004-1977-0715.pdf,1977/07/mvol-0004-1977-0715.pdf,50076267
1977,11,mvol-0004-1977-1111.pdf,1977/11/mvol-0004-1977-1111.pdf,96758588
1978,03,mvol-0004-1978-0331.pdf,1978/03/mvol-0004-1978-0331.pdf,118490579
1978,06,mvol-0004-1978-0602.pdf,1978/06/mvol-0004-1978-0602.pdf,164357520
1978,08,mvol-0004-1978-0818.pdf,1978/08/mvol-0004-1978-0818.pdf,38299444
1978,10,mvol-0004-1978-1010.pdf,1978/10/mvol-0004-1978-1010.pdf,84782661
1978,11,mvol-0004-1978-1114.pdf,1978/11/mvol-0004-1978-1114.pdf,50620109
1979,02,mvol-0004-1979-0207.pdf,1979/02/mvol-0004-1979-0207.pdf,55446402
1979,03,mvol-0004-1979-0309.pdf,1979/03/mvol-0004-1979-0309.pdf,87293191
1979,03,mvol-0004-1979-0316.pdf,1979/03/mvol-0004-1979-0316.pdf,255699659
1979,05,mvol-0004-1979-0515.pdf,1979/05/mvol-0004-1979-0515.pdf,54433997
1979,10,mvol-0004-1979-1026.pdf,1979/10/mvol-0004-1979-1026.pdf,104569657
1980,02,mvol-0004-1980-0205.pdf,1980/02/mvol-0004-1980-0205.pdf,57432414
1980,02,mvol-0004-1980-0212.pdf,1980/02/mvol-0004-1980-0212.pdf,35300564
1980,02,mvol-0004-1980-0229.pdf,1980/02/mvol-0004-1980-0229.pdf,91299507
1980,05,mvol-0004-1980-0502.pdf,1980/05/mvol-0004-1980-0502.pdf,118166856
1980,12,mvol-0004-1980-1205.pdf,1980/12/mvol-0004-1980-1205.pdf,161591892
1981,01,mvol-0004-1981-0120.pdf,1981/01/mvol-0004-1981-0120.pdf,63233301
1981,01,mvol-0004-1981-0130.pdf,1981/01/mvol-0004-1981-0130.pdf,90736185
1981,02,mvol-0004-1981-0213.pdf,1981/02/mvol-0004-1981-0213.pdf,82994748
1981,07,mvol-0004-1981-0717.pdf,1981/07/mvol-0004-1981-0717.pdf,39227403
1981,11,mvol-0004-1981-1103.pdf,1981/11/mvol-0004-1981-1103.pdf,66400227
1982,05,mvol-0004-1982-0511.pdf,1982/05/mvol-0004-1982-0511.pdf,69481372
1982,07,mvol-0004-1982-0723.pdf,1982/07/mvol-0004-1982-0723.pdf,75741553
1982,10,mvol-0004-1982-1012.pdf,1982/10/mvol-0004-1982-1012.pdf,63344379
1982,10,mvol-0004-1982-1019.pdf,1982/10/mvol-0004-1982-1019.pdf,94592898
1982,11,mvol-0004-1982-1123.pdf,1982/11/mvol-0004-1982-1123.pdf,199843971
1983,01,mvol-0004-1983-0114.pdf,1983/01/mvol-0004-1983-0114.pdf,96072340
1983,02,mvol-0004-1983-0204.pdf,1983/02/mvol-0004-1983-0204.pdf,85789678
1983,02,mvol-0004-1983-0208.pdf,1983/02/mvol-0004-1983-0208.pdf,59414758
1983,06,mvol-0004-1983-0603.pdf,1983/06/mvol-0004-1983-0603.pdf,126949657
1983,10,mvol-0004-1983-1004.pdf,1983/10/mvol-0004-1983-1004.pdf,87083899
1984,01,mvol-0004-1984-0124.pdf,1984/01/mvol-0004-1984-0124.pdf,76869332
1984,02,mvol-0004-1984-0217.pdf,1984/02/mvol-0004-1984-0217.pdf,167190951
1984,05,mvol-0004-1984-0518.pdf,1984/05/mvol-0004-1984-0518.pdf,145062821
1984,10,mvol-0004-1984-1012.pdf,1984/10/mvol-0004-1984-1012.pdf,117137399
1984,10,mvol-0004-1984-1019.pdf,1984/10/mvol-0004-1984-1019.pdf,197159086
1985,01,mvol-0004-1985-0111.pdf,1985/01/mvol-0004-1985-0111.pdf,113326140
1985,02,mvol-0004-1985-0222.pdf,1985/02/mvol-0004-1985-0222.pdf,141257167
1985,03,mvol-0004-1985-0305.pdf,1985/03/mvol-0004-1985-0305.pdf,63890474
1985,05,mvol-0004-1985-0521.pdf,1985/05/mvol-0004-1985-0521.pdf,92183782
1985,05,mvol-0004-1985-0528.pdf,1985/05/mvol-0004-1985-0528.pdf,57166382
